,block,trial,image,response,Q
0,0,0,0,,
1,1,0,1,2.0,-0.25
2,1,1,2,2.0,0.25
3,1,2,3,3.0,-0.25
4,1,3,3,3.0,-0.4375
5,1,4,1,3.0,-0.25
6,1,5,3,2.0,0.25
7,1,6,2,2.0,0.4375
8,1,7,1,1.0,0.25
9,1,8,2,2.0,0.578125
10,1,9,1,2.0,-0.4375
11,1,10,2,2.0,0.68359375
12,1,11,3,2.0,0.4375
13,1,12,3,1.0,-0.25
14,1,13,2,2.0,0.7626953125
15,1,14,1,1.0,0.4375
16,1,15,2,2.0,0.822021484375
17,1,16,3,2.0,0.578125
18,1,17,1,1.0,0.578125
19,1,18,3,2.0,0.68359375
20,1,19,2,2.0,0.86651611328125
21,1,20,1,1.0,0.68359375
22,1,21,1,2.0,-0.578125
23,1,22,3,2.0,0.7626953125
24,1,23,1,2.0,-0.68359375
25,1,24,2,2.0,0.8998870849609375
26,1,25,2,2.0,0.9249153137207031
27,1,26,3,2.0,0.822021484375
28,1,27,2,2.0,0.9436864852905273
29,1,28,1,1.0,0.7626953125
30,1,29,3,2.0,0.86651611328125
31,1,30,3,2.0,0.8998870849609375
32,1,31,2,2.0,0.9577648639678955
33,1,32,3,2.0,0.9249153137207031
34,1,33,1,1.0,0.822021484375
35,1,34,2,2.0,0.9683236479759216
36,1,35,1,2.0,-0.7626953125
37,1,36,1,1.0,0.86651611328125
38,1,37,3,2.0,0.9436864852905273
39,1,38,2,2.0,0.9762427359819412
40,2,39,1,2.0,-0.25
41,2,40,2,2.0,-0.25
42,2,41,3,2.0,0.25
43,2,42,4,2.0,0.25
44,2,43,5,2.0,-0.25
45,2,44,6,2.0,-0.25
46,2,45,1,3.0,-0.25
47,2,46,5,3.0,0.25
48,2,47,4,3.0,-0.25
49,2,48,3,2.0,0.4375
50,2,49,2,3.0,-0.25
51,2,50,3,2.0,0.578125
52,2,51,4,2.0,0.4375
53,2,52,6,2.0,-0.4375
54,2,53,6,3.0,0.25
55,2,54,2,2.0,-0.4375
56,2,55,1,2.0,-0.4375
57,2,56,5,3.0,0.4375
58,2,57,1,1.0,0.25
59,2,58,2,1.0,0.25
60,2,59,3,2.0,0.68359375
61,2,60,4,2.0,0.578125
62,2,61,5,3.0,0.578125
63,2,62,6,3.0,0.4375
64,2,63,2,1.0,0.4375
65,2,64,5,3.0,0.68359375
66,2,65,3,2.0,0.7626953125
67,2,66,6,3.0,0.578125
68,2,68,1,1.0,0.4375
69,2,69,4,2.0,0.68359375
70,2,70,4,2.0,0.7626953125
71,2,71,2,1.0,0.578125
72,2,72,6,3.0,0.68359375
73,2,73,5,3.0,0.7626953125
74,2,74,3,2.0,0.822021484375
75,2,75,1,1.0,0.578125
76,2,76,6,3.0,0.7626953125
77,2,77,3,2.0,0.86651611328125
78,2,78,5,1.0,-0.25
79,2,79,2,1.0,0.68359375
80,2,80,4,3.0,-0.4375
81,2,81,2,1.0,0.7626953125
82,2,82,1,2.0,-0.578125
83,2,83,1,1.0,0.68359375
84,2,84,5,3.0,0.822021484375
85,2,85,3,2.0,0.8998870849609375
86,2,86,6,3.0,0.822021484375
87,2,87,6,3.0,0.86651611328125
88,2,88,5,3.0,0.86651611328125
89,2,89,4,2.0,0.822021484375
90,2,90,3,2.0,0.9249153137207031
91,2,91,2,1.0,0.822021484375
92,2,92,3,2.0,0.9436864852905273
93,2,93,1,1.0,0.7626953125
94,2,94,2,2.0,-0.578125
95,2,95,5,3.0,0.8998870849609375
96,2,96,1,1.0,0.822021484375
97,2,97,4,2.0,0.86651611328125
98,2,98,6,3.0,0.8998870849609375
99,2,99,4,2.0,0.8998870849609375
100,2,100,5,3.0,0.9249153137207031
101,2,101,3,2.0,0.9577648639678955
102,2,102,1,1.0,0.86651611328125
103,2,103,1,1.0,0.8998870849609375
104,2,104,6,3.0,0.9249153137207031
105,2,105,2,1.0,0.86651611328125
106,2,106,3,2.0,0.9683236479759216
107,2,107,6,3.0,0.9436864852905273
108,2,108,5,2.0,-0.4375
109,2,109,2,1.0,0.8998870849609375
110,2,110,4,2.0,0.9249153137207031
111,2,111,4,2.0,0.9436864852905273
112,2,112,1,1.0,0.9249153137207031
113,2,113,2,2.0,-0.68359375
114,2,114,6,3.0,0.9577648639678955
115,2,115,2,1.0,0.9249153137207031
116,2,116,3,2.0,0.9762427359819412
117,3,117,1,2.0,-0.25
118,3,118,2,2.0,-0.25
119,3,119,3,2.0,-0.25
120,3,120,3,3.0,0.25
121,3,121,1,3.0,-0.25
122,3,122,3,3.0,0.4375
123,3,123,2,3.0,0.25
124,3,124,1,1.0,0.25
125,3,125,2,3.0,0.4375
126,3,126,1,1.0,0.4375
127,3,127,2,3.0,0.578125
128,3,128,3,3.0,0.578125
129,3,129,3,3.0,0.68359375
130,3,130,2,3.0,0.68359375
131,3,131,1,1.0,0.578125
132,3,132,2,3.0,0.7626953125
133,3,133,3,3.0,0.7626953125
134,3,134,1,1.0,0.68359375
135,3,135,3,3.0,0.822021484375
136,3,136,2,3.0,0.822021484375
137,3,137,1,1.0,0.7626953125
138,3,138,1,1.0,0.822021484375
139,3,139,3,3.0,0.86651611328125
140,3,140,1,1.0,0.86651611328125
141,3,141,2,3.0,0.86651611328125
142,3,142,2,3.0,0.8998870849609375
143,3,143,3,3.0,0.8998870849609375
144,3,144,2,3.0,0.9249153137207031
145,3,145,1,1.0,0.8998870849609375
146,3,146,3,3.0,0.9249153137207031
147,3,147,3,3.0,0.9436864852905273
148,3,148,2,3.0,0.9436864852905273
149,3,149,3,3.0,0.9577648639678955
150,3,150,1,1.0,0.9249153137207031
151,3,151,2,3.0,0.9577648639678955
152,3,152,1,1.0,0.9436864852905273
153,3,153,1,1.0,0.9577648639678955
154,3,154,3,3.0,0.9683236479759216
155,3,155,2,3.0,0.9683236479759216
156,4,156,1,2.0,0.25
157,4,157,2,2.0,0.25
158,4,158,3,2.0,-0.25
159,4,159,3,3.0,-0.25
160,4,160,1,2.0,0.4375
161,4,161,3,1.0,0.25
162,4,162,2,2.0,0.4375
163,4,163,1,2.0,0.578125
164,4,164,2,2.0,0.578125
165,4,165,1,2.0,0.68359375
166,4,166,2,2.0,0.68359375
167,4,167,3,1.0,0.4375
168,4,168,3,1.0,0.578125
169,4,169,2,2.0,0.7626953125
170,4,170,1,2.0,0.7626953125
171,4,171,2,2.0,0.822021484375
172,4,172,3,2.0,-0.4375
173,4,173,1,2.0,0.822021484375
174,4,174,3,1.0,0.68359375
175,4,175,2,2.0,0.86651611328125
176,4,176,1,2.0,0.86651611328125
177,4,177,1,2.0,0.8998870849609375
178,4,178,3,1.0,0.7626953125
179,4,179,1,2.0,0.9249153137207031
180,4,180,2,2.0,0.8998870849609375
181,4,181,2,2.0,0.9249153137207031
182,4,182,3,2.0,-0.578125
183,4,183,2,2.0,0.9436864852905273
184,4,184,1,2.0,0.9436864852905273
185,4,185,3,1.0,0.822021484375
186,4,186,3,1.0,0.86651611328125
187,4,187,2,2.0,0.9577648639678955
188,4,188,3,1.0,0.8998870849609375
189,4,189,1,2.0,0.9577648639678955
190,4,190,2,2.0,0.9683236479759216
191,4,191,1,2.0,0.9683236479759216
192,4,192,1,2.0,0.9762427359819412
193,4,193,3,1.0,0.9249153137207031
194,4,194,2,2.0,0.9762427359819412
195,5,195,1,2.0,0.25
196,5,196,2,2.0,0.25
197,5,197,3,2.0,-0.25
198,5,198,4,1.0,-0.25
199,5,199,5,2.0,-0.25
200,5,200,6,2.0,-0.25
201,5,201,1,2.0,0.4375
202,5,202,5,3.0,-0.25
203,5,203,4,3.0,0.25
204,5,204,3,3.0,0.25
205,5,205,2,1.0,-0.25
206,5,206,3,3.0,0.4375
207,5,207,4,3.0,0.4375
208,5,208,6,1.0,0.25
209,5,209,6,1.0,0.4375
210,5,210,2,2.0,0.4375
211,5,211,1,2.0,0.578125
212,5,212,5,1.0,0.25
213,5,213,1,2.0,0.68359375
214,5,214,2,2.0,0.578125
215,5,215,3,3.0,0.578125
216,5,216,4,3.0,0.578125
217,5,217,5,1.0,0.4375
218,5,218,6,1.0,0.578125
219,5,219,2,2.0,0.68359375
220,5,220,5,3.0,-0.4375
221,5,221,3,3.0,0.68359375
222,5,222,6,1.0,0.68359375
223,5,223,4,2.0,-0.25
224,5,224,1,2.0,0.7626953125
225,5,225,4,3.0,0.68359375
226,5,226,4,3.0,0.7626953125
227,5,227,2,2.0,0.7626953125
228,5,228,6,1.0,0.7626953125
229,5,229,5,3.0,-0.578125
230,5,230,3,3.0,0.7626953125
231,5,231,1,2.0,0.822021484375
232,5,232,6,1.0,0.822021484375
233,5,233,3,3.0,0.822021484375
234,5,234,5,1.0,0.578125
235,5,235,2,2.0,0.822021484375
236,5,236,4,3.0,0.822021484375
237,5,237,2,2.0,0.86651611328125
238,5,238,1,2.0,0.86651611328125
239,5,239,1,2.0,0.8998870849609375
240,5,240,5,1.0,0.68359375
241,5,241,3,3.0,0.86651611328125
242,5,242,6,1.0,0.86651611328125
243,5,243,6,1.0,0.8998870849609375
244,5,244,5,1.0,0.7626953125
245,5,245,4,3.0,0.86651611328125
246,5,246,3,3.0,0.8998870849609375
247,5,247,2,2.0,0.8998870849609375
248,5,248,3,3.0,0.9249153137207031
249,5,249,1,2.0,0.9249153137207031
250,5,250,2,2.0,0.9249153137207031
251,5,251,5,1.0,0.822021484375
252,5,252,1,2.0,0.9436864852905273
253,5,253,4,3.0,0.8998870849609375
254,5,254,6,1.0,0.9249153137207031
255,5,255,4,3.0,0.9249153137207031
256,5,256,5,1.0,0.86651611328125
257,5,257,3,3.0,0.9436864852905273
258,5,258,1,2.0,0.9577648639678955
259,5,259,1,2.0,0.9683236479759216
260,5,260,6,1.0,0.9436864852905273
261,5,261,2,3.0,-0.25
262,5,262,3,2.0,-0.4375
263,5,263,6,1.0,0.9577648639678955
264,5,264,5,1.0,0.8998870849609375
265,5,265,2,2.0,0.9436864852905273
266,5,266,4,3.0,0.9436864852905273
267,5,267,4,3.0,0.9577648639678955
268,5,268,1,2.0,0.9762427359819412
269,5,269,2,2.0,0.9577648639678955
270,5,270,6,1.0,0.9683236479759216
271,5,271,2,2.0,0.9683236479759216
272,5,272,3,3.0,0.9577648639678955
273,6,273,1,2.0,-0.25
274,6,274,2,2.0,0.25
275,6,275,3,2.0,-0.25
276,6,276,3,3.0,0.25
277,6,277,1,1.0,-0.25
278,6,278,3,3.0,0.4375
279,6,279,2,2.0,0.4375
280,6,280,1,3.0,0.25
281,6,281,2,2.0,0.578125
282,6,282,1,3.0,0.4375
283,6,283,2,2.0,0.68359375
284,6,284,3,3.0,0.578125
285,6,285,3,3.0,0.68359375
286,6,286,2,2.0,0.7626953125
287,6,287,1,3.0,0.578125
288,6,288,2,2.0,0.822021484375
289,6,289,3,3.0,0.7626953125
290,6,290,1,3.0,0.68359375
291,6,291,3,3.0,0.822021484375
292,6,292,2,2.0,0.86651611328125
293,6,293,1,3.0,0.7626953125
294,6,294,1,3.0,0.822021484375
295,6,295,3,3.0,0.86651611328125
296,6,296,1,3.0,0.86651611328125
297,6,297,2,2.0,0.8998870849609375
298,6,298,2,2.0,0.9249153137207031
299,6,299,3,3.0,0.8998870849609375
300,6,300,2,2.0,0.9436864852905273
301,6,301,1,3.0,0.8998870849609375
302,6,302,3,3.0,0.9249153137207031
303,6,303,3,3.0,0.9436864852905273
304,6,304,2,2.0,0.9577648639678955
305,6,305,3,3.0,0.9577648639678955
306,6,306,1,3.0,0.9249153137207031
307,6,307,2,2.0,0.9683236479759216
308,6,308,1,2.0,-0.4375
309,6,309,1,3.0,0.9436864852905273
310,6,310,3,3.0,0.9683236479759216
311,6,311,2,2.0,0.9762427359819412
312,7,312,1,2.0,-0.25
313,7,313,2,2.0,-0.25
314,7,314,3,2.0,-0.25
315,7,315,4,2.0,-0.25
316,7,316,5,2.0,0.25
317,7,317,6,2.0,0.25
318,7,318,1,3.0,0.25
319,7,319,5,2.0,0.4375
320,7,320,4,2.0,-0.4375
321,7,321,3,3.0,-0.25
322,7,322,2,3.0,0.25
323,7,323,3,1.0,0.25
324,7,324,4,1.0,0.25
325,7,325,6,2.0,0.4375
326,7,326,6,2.0,0.578125
327,7,327,2,3.0,0.4375
328,7,328,1,3.0,0.4375
329,7,329,5,1.0,-0.25
330,7,330,1,2.0,-0.4375
331,7,331,2,3.0,0.578125
332,7,332,3,1.0,0.4375
333,7,333,4,1.0,0.4375
334,7,334,5,2.0,0.578125
335,7,335,6,2.0,0.68359375
336,7,336,2,3.0,0.68359375
337,7,337,5,2.0,0.68359375
338,7,338,3,1.0,0.578125
339,7,339,6,2.0,0.7626953125
340,7,340,4,1.0,0.578125
341,7,341,1,3.0,0.578125
342,7,342,4,1.0,0.68359375
343,7,343,4,1.0,0.7626953125
344,7,344,2,3.0,0.7626953125
345,7,345,6,2.0,0.822021484375
346,7,346,5,2.0,0.7626953125
347,7,347,3,3.0,-0.4375
348,7,348,1,3.0,0.68359375
349,7,349,6,2.0,0.86651611328125
350,7,350,3,1.0,0.68359375
351,7,351,5,2.0,0.822021484375
352,7,352,2,3.0,0.822021484375
353,7,353,4,1.0,0.822021484375
354,7,354,2,3.0,0.86651611328125
355,7,355,1,2.0,-0.578125
356,7,356,1,3.0,0.7626953125
357,7,357,5,2.0,0.86651611328125
358,7,358,3,1.0,0.7626953125
359,7,359,6,2.0,0.8998870849609375
360,7,360,6,2.0,0.9249153137207031
361,7,361,5,2.0,0.8998870849609375
362,7,362,4,1.0,0.86651611328125
363,7,363,3,1.0,0.822021484375
364,7,364,2,3.0,0.8998870849609375
365,7,365,3,1.0,0.86651611328125
366,7,366,1,2.0,-0.68359375
367,7,367,2,3.0,0.9249153137207031
368,7,368,5,2.0,0.9249153137207031
369,7,369,1,3.0,0.822021484375
370,7,370,4,1.0,0.8998870849609375
371,7,371,6,2.0,0.9436864852905273
372,7,372,4,1.0,0.9249153137207031
373,7,373,5,2.0,0.9436864852905273
374,7,374,3,1.0,0.8998870849609375
375,7,375,1,3.0,0.86651611328125
376,7,376,1,3.0,0.8998870849609375
377,7,377,6,2.0,0.9577648639678955
378,7,378,2,3.0,0.9436864852905273
379,7,379,3,1.0,0.9249153137207031
380,7,380,6,2.0,0.9683236479759216
381,7,381,5,2.0,0.9577648639678955
382,7,382,2,3.0,0.9577648639678955
383,7,383,4,1.0,0.9436864852905273
384,7,384,4,1.0,0.9577648639678955
385,7,385,1,3.0,0.9249153137207031
386,7,386,2,2.0,-0.4375
387,7,387,6,2.0,0.9762427359819412
388,7,388,2,3.0,0.9683236479759216
389,7,389,3,1.0,0.9436864852905273
390,8,390,1,2.0,-0.25
391,8,391,2,2.0,-0.25
392,8,392,3,2.0,0.25
393,8,393,4,2.0,0.25
394,8,394,5,2.0,-0.25
395,8,395,6,2.0,-0.25
396,8,396,1,3.0,-0.25
397,8,397,5,3.0,0.25
398,8,398,4,2.0,0.4375
399,8,399,3,2.0,0.4375
400,8,400,2,3.0,-0.25
401,8,401,3,2.0,0.578125
402,8,402,4,3.0,-0.25
403,8,403,6,1.0,-0.25
404,8,404,6,3.0,0.25
405,8,405,2,1.0,0.25
406,8,406,1,3.0,-0.4375
407,8,407,5,3.0,0.4375
408,8,408,1,1.0,0.25
409,8,409,2,3.0,-0.4375
410,8,410,3,2.0,0.68359375
411,8,411,4,2.0,0.578125
412,8,412,5,3.0,0.578125
413,8,413,6,3.0,0.4375
414,8,414,2,1.0,0.4375
415,8,415,5,3.0,0.68359375
416,8,416,3,2.0,0.7626953125
417,8,417,6,3.0,0.578125
418,8,418,4,2.0,0.68359375
419,8,419,1,1.0,0.4375
420,8,420,4,2.0,0.7626953125
421,8,421,4,2.0,0.822021484375
422,8,422,2,1.0,0.578125
423,8,423,6,3.0,0.68359375
424,8,424,5,3.0,0.7626953125
425,8,425,3,2.0,0.822021484375
426,8,426,1,1.0,0.578125
427,8,427,6,3.0,0.7626953125
428,8,428,3,2.0,0.86651611328125
429,8,429,5,3.0,0.822021484375
430,8,430,2,1.0,0.68359375
431,8,431,4,2.0,0.86651611328125
432,8,432,2,1.0,0.7626953125
433,8,433,1,1.0,0.68359375
434,8,434,1,1.0,0.7626953125
435,8,435,5,3.0,0.86651611328125
436,8,436,3,2.0,0.8998870849609375
437,8,437,6,3.0,0.822021484375
438,8,438,6,3.0,0.86651611328125
439,8,439,5,3.0,0.8998870849609375
440,8,440,4,2.0,0.8998870849609375
441,8,441,3,2.0,0.9249153137207031
442,8,442,2,1.0,0.822021484375
443,8,443,3,2.0,0.9436864852905273
444,8,444,1,3.0,-0.578125
445,8,445,2,1.0,0.86651611328125
446,8,446,5,3.0,0.9249153137207031
447,8,447,1,1.0,0.822021484375
448,8,448,4,2.0,0.9249153137207031
449,8,449,6,3.0,0.8998870849609375
450,8,450,4,2.0,0.9436864852905273
451,8,451,5,3.0,0.9436864852905273
452,8,452,3,2.0,0.9577648639678955
453,8,453,1,1.0,0.86651611328125
454,8,454,1,1.0,0.8998870849609375
455,8,455,6,3.0,0.9249153137207031
456,8,456,2,1.0,0.8998870849609375
457,8,457,3,2.0,0.9683236479759216
458,8,458,6,3.0,0.9436864852905273
459,8,459,5,3.0,0.9577648639678955
460,8,460,2,1.0,0.9249153137207031
461,8,461,4,2.0,0.9577648639678955
462,8,462,4,2.0,0.9683236479759216
463,8,463,1,3.0,-0.68359375
464,8,464,2,1.0,0.9436864852905273
465,8,465,6,3.0,0.9577648639678955
466,8,466,2,1.0,0.9577648639678955
467,8,467,3,2.0,0.9762427359819412
468,9,468,1,2.0,-0.25
469,9,469,2,2.0,-0.25
470,9,470,3,2.0,-0.25
471,9,471,3,3.0,0.25
472,9,472,1,3.0,-0.25
473,9,473,3,3.0,0.4375
474,9,474,2,3.0,0.25
475,9,475,1,1.0,0.25
476,9,476,2,3.0,0.4375
477,9,477,1,1.0,0.4375
478,9,478,2,3.0,0.578125
479,9,479,3,3.0,0.578125
480,9,480,3,3.0,0.68359375
481,9,481,2,3.0,0.68359375
482,9,482,1,1.0,0.578125
483,9,483,2,3.0,0.7626953125
484,9,484,3,1.0,-0.25
485,9,485,1,1.0,0.68359375
486,9,486,3,3.0,0.7626953125
487,9,487,2,3.0,0.822021484375
488,9,488,1,1.0,0.7626953125
489,9,489,1,1.0,0.822021484375
490,9,490,3,3.0,0.822021484375
491,9,491,1,1.0,0.86651611328125
492,9,492,2,3.0,0.86651611328125
493,9,493,2,1.0,-0.25
494,9,494,3,3.0,0.86651611328125
495,9,495,2,3.0,0.8998870849609375
496,9,496,1,1.0,0.8998870849609375
497,9,497,3,3.0,0.8998870849609375
498,9,498,3,3.0,0.9249153137207031
499,9,499,2,3.0,0.9249153137207031
500,9,500,3,3.0,0.9436864852905273
501,9,501,1,1.0,0.9249153137207031
502,9,502,2,3.0,0.9436864852905273
503,9,503,1,1.0,0.9436864852905273
504,9,504,1,1.0,0.9577648639678955
505,9,505,3,3.0,0.9577648639678955
506,9,506,2,3.0,0.9577648639678955
507,10,507,1,2.0,0.25
508,10,508,2,2.0,0.25
509,10,509,3,3.0,-0.25
510,10,510,3,1.0,0.25
511,10,511,1,2.0,0.4375
512,10,512,3,1.0,0.4375
513,10,513,2,2.0,0.4375
514,10,514,1,2.0,0.578125
515,10,515,2,1.0,-0.25
516,10,516,1,2.0,0.68359375
517,10,517,2,2.0,0.578125
518,10,518,3,1.0,0.578125
519,10,519,3,1.0,0.68359375
520,10,520,2,2.0,0.68359375
521,10,521,1,2.0,0.7626953125
522,10,522,2,2.0,0.7626953125
523,10,523,3,1.0,0.7626953125
524,10,524,1,2.0,0.822021484375
525,10,525,3,1.0,0.822021484375
526,10,526,2,2.0,0.822021484375
527,10,527,1,2.0,0.86651611328125
528,10,528,1,2.0,0.8998870849609375
529,10,529,3,1.0,0.86651611328125
530,10,530,1,2.0,0.9249153137207031
531,10,531,2,2.0,0.86651611328125
532,10,532,2,2.0,0.8998870849609375
533,10,533,3,1.0,0.8998870849609375
534,10,534,2,2.0,0.9249153137207031
535,10,535,1,2.0,0.9436864852905273
536,10,536,3,1.0,0.9249153137207031
537,10,537,3,1.0,0.9436864852905273
538,10,538,2,2.0,0.9436864852905273
539,10,539,3,1.0,0.9577648639678955
540,10,540,1,2.0,0.9577648639678955
541,10,541,2,2.0,0.9577648639678955
542,10,542,1,2.0,0.9683236479759216
543,10,543,1,2.0,0.9762427359819412
544,10,544,3,1.0,0.9683236479759216
545,10,545,2,2.0,0.9683236479759216
546,11,546,1,2.0,0.25
547,11,547,2,2.0,0.25
548,11,548,3,3.0,0.25
549,11,549,4,3.0,0.25
550,11,550,5,1.0,0.25
551,11,551,6,1.0,0.25
552,11,552,1,2.0,0.4375
553,11,553,5,3.0,-0.25
554,11,554,4,3.0,0.4375
555,11,555,3,3.0,0.4375
556,11,556,2,2.0,0.4375
557,11,557,3,3.0,0.578125
558,11,558,4,3.0,0.578125
559,11,559,6,1.0,0.4375
560,11,560,6,1.0,0.578125
561,11,561,2,2.0,0.578125
562,11,562,1,2.0,0.578125
563,11,563,5,3.0,-0.4375
564,11,564,1,2.0,0.68359375
565,11,565,2,2.0,0.68359375
566,11,566,3,3.0,0.68359375
567,11,567,4,3.0,0.68359375
568,11,568,5,1.0,0.4375
569,11,569,6,1.0,0.68359375
570,11,570,2,2.0,0.7626953125
571,11,571,5,1.0,0.578125
572,11,572,3,3.0,0.7626953125
573,11,573,6,1.0,0.7626953125
574,11,574,4,3.0,0.7626953125
575,11,575,1,2.0,0.7626953125
576,11,576,4,3.0,0.822021484375
577,11,577,4,3.0,0.86651611328125
578,11,578,2,2.0,0.822021484375
579,11,579,6,1.0,0.822021484375
580,11,580,5,1.0,0.68359375
581,11,581,3,3.0,0.822021484375
582,11,582,1,2.0,0.822021484375
583,11,583,6,1.0,0.86651611328125
584,11,584,3,3.0,0.86651611328125
585,11,585,5,1.0,0.7626953125
586,11,586,2,2.0,0.86651611328125
587,11,587,4,3.0,0.8998870849609375
588,11,588,2,2.0,0.8998870849609375
589,11,589,1,2.0,0.86651611328125
590,11,590,1,2.0,0.8998870849609375
591,11,591,5,1.0,0.822021484375
592,11,592,3,3.0,0.8998870849609375
593,11,593,6,1.0,0.8998870849609375
594,11,594,6,1.0,0.9249153137207031
595,11,595,5,1.0,0.86651611328125
596,11,596,4,3.0,0.9249153137207031
597,11,597,3,3.0,0.9249153137207031
598,11,598,2,2.0,0.9249153137207031
599,11,599,3,3.0,0.9436864852905273
600,11,600,1,2.0,0.9249153137207031
601,11,601,2,2.0,0.9436864852905273
602,11,602,5,1.0,0.8998870849609375
603,11,603,1,2.0,0.9436864852905273
604,11,604,4,3.0,0.9436864852905273
605,11,605,6,1.0,0.9436864852905273
606,11,606,4,3.0,0.9577648639678955
607,11,607,5,1.0,0.9249153137207031
608,11,608,3,3.0,0.9577648639678955
609,11,609,1,2.0,0.9577648639678955
610,11,610,1,2.0,0.9683236479759216
611,11,611,6,1.0,0.9577648639678955
612,11,612,2,2.0,0.9577648639678955
613,11,613,3,3.0,0.9683236479759216
614,11,614,6,1.0,0.9683236479759216
615,11,615,5,1.0,0.9436864852905273
616,11,616,2,2.0,0.9683236479759216
617,11,618,4,3.0,0.9683236479759216
618,11,619,1,2.0,0.9762427359819412
619,11,620,2,2.0,0.9762427359819412
620,11,621,6,1.0,0.9762427359819412
621,11,622,2,2.0,0.9821820519864559
622,11,623,3,3.0,0.9762427359819412
623,12,624,1,2.0,-0.25
624,12,625,2,2.0,0.25
625,12,626,3,2.0,-0.25
626,12,627,3,3.0,0.25
627,12,628,1,1.0,-0.25
628,12,629,3,3.0,0.4375
629,12,630,2,2.0,0.4375
630,12,631,1,3.0,0.25
631,12,632,2,2.0,0.578125
632,12,633,1,3.0,0.4375
633,12,634,2,2.0,0.68359375
634,12,635,3,3.0,0.578125
635,12,636,3,3.0,0.68359375
636,12,637,2,2.0,0.7626953125
637,12,638,1,3.0,0.578125
638,12,639,2,2.0,0.822021484375
639,12,640,3,3.0,0.7626953125
640,12,641,1,3.0,0.68359375
641,12,642,3,2.0,-0.4375
642,12,643,2,2.0,0.86651611328125
643,12,644,1,3.0,0.7626953125
644,12,645,1,3.0,0.822021484375
645,12,646,3,3.0,0.822021484375
646,12,647,1,3.0,0.86651611328125
647,12,648,2,2.0,0.8998870849609375
648,12,649,2,2.0,0.9249153137207031
649,12,650,3,3.0,0.86651611328125
650,12,651,2,3.0,-0.25
651,12,652,1,3.0,0.8998870849609375
652,12,653,3,3.0,0.8998870849609375
653,12,654,3,3.0,0.9249153137207031
654,12,655,2,2.0,0.9436864852905273
655,12,656,3,3.0,0.9436864852905273
656,12,657,1,3.0,0.9249153137207031
657,12,658,2,2.0,0.9577648639678955
658,12,659,1,3.0,0.9436864852905273
659,12,660,1,3.0,0.9577648639678955
660,12,661,3,3.0,0.9577648639678955
661,12,662,2,2.0,0.9683236479759216
662,13,663,1,2.0,-0.25
663,13,664,2,2.0,-0.25
664,13,665,3,2.0,-0.25
665,13,666,4,2.0,-0.25
666,13,667,5,2.0,0.25
667,13,668,6,2.0,0.25
668,13,669,1,3.0,0.25
669,13,670,5,2.0,0.4375
670,13,671,4,1.0,0.25
671,13,672,3,1.0,0.25
672,13,673,2,3.0,0.25
673,13,674,3,1.0,0.4375
674,13,675,4,1.0,0.4375
675,13,676,6,2.0,0.4375
676,13,677,6,2.0,0.578125
677,13,678,2,3.0,0.4375
678,13,679,1,2.0,-0.4375
679,13,680,5,2.0,0.578125
680,13,681,1,3.0,0.4375
681,13,682,2,3.0,0.578125
682,13,683,3,1.0,0.578125
683,13,684,4,1.0,0.578125
684,13,685,5,2.0,0.68359375
685,13,686,6,2.0,0.68359375
686,13,687,2,3.0,0.68359375
687,13,688,5,2.0,0.7626953125
688,13,689,3,2.0,-0.4375
689,13,690,6,2.0,0.7626953125
690,13,691,4,1.0,0.68359375
691,13,692,1,3.0,0.578125
692,13,693,4,1.0,0.7626953125
693,13,694,4,1.0,0.822021484375
694,13,695,2,3.0,0.7626953125
695,13,696,6,2.0,0.822021484375
696,13,697,5,2.0,0.822021484375
697,13,698,3,1.0,0.68359375
698,13,699,1,3.0,0.68359375
699,13,700,6,3.0,-0.25
700,13,701,3,1.0,0.7626953125
701,13,702,5,2.0,0.86651611328125
702,13,703,2,3.0,0.822021484375
703,13,704,4,1.0,0.86651611328125
704,13,705,2,3.0,0.86651611328125
705,13,706,1,3.0,0.7626953125
706,13,707,1,3.0,0.822021484375
707,13,708,5,2.0,0.8998870849609375
708,13,709,3,1.0,0.822021484375
709,13,710,6,2.0,0.86651611328125
710,13,711,6,2.0,0.8998870849609375
711,13,712,5,2.0,0.9249153137207031
712,13,713,4,1.0,0.8998870849609375
713,13,714,3,1.0,0.86651611328125
714,13,715,2,3.0,0.8998870849609375
715,13,716,3,1.0,0.8998870849609375
716,13,717,1,3.0,0.86651611328125
717,13,718,2,3.0,0.9249153137207031
718,13,719,5,2.0,0.9436864852905273
719,13,720,1,3.0,0.8998870849609375
720,13,721,4,1.0,0.9249153137207031
721,13,722,6,2.0,0.9249153137207031
722,13,723,4,1.0,0.9436864852905273
723,13,724,5,2.0,0.9577648639678955
724,13,725,3,1.0,0.9249153137207031
725,13,726,1,3.0,0.9249153137207031
726,13,727,1,3.0,0.9436864852905273
727,13,728,6,2.0,0.9436864852905273
728,13,729,2,3.0,0.9436864852905273
729,13,730,3,1.0,0.9436864852905273
730,13,731,6,2.0,0.9577648639678955
731,13,732,5,2.0,0.9683236479759216
732,13,733,2,3.0,0.9577648639678955
733,13,734,4,1.0,0.9577648639678955
734,13,735,4,1.0,0.9683236479759216
735,13,736,1,3.0,0.9577648639678955
736,13,737,2,3.0,0.9683236479759216
737,13,738,6,2.0,0.9683236479759216
738,13,739,2,3.0,0.9762427359819412
739,13,740,3,1.0,0.9577648639678955
740,14,741,1,2.0,0.25
741,14,742,2,2.0,-0.25
742,14,743,3,2.0,-0.25
743,14,744,3,3.0,-0.25
744,14,745,1,2.0,0.4375
745,14,746,3,1.0,0.25
746,14,747,2,3.0,-0.25
747,14,748,1,2.0,0.578125
748,14,749,2,1.0,0.25
749,14,750,1,2.0,0.68359375
750,14,751,2,1.0,0.4375
751,14,752,3,1.0,0.4375
752,14,753,3,1.0,0.578125
753,14,754,2,1.0,0.578125
754,14,755,1,2.0,0.7626953125
755,14,756,2,1.0,0.68359375
756,14,757,3,1.0,0.68359375
757,14,758,1,2.0,0.822021484375
758,14,759,3,1.0,0.7626953125
759,14,760,2,1.0,0.7626953125
760,14,761,1,2.0,0.86651611328125
761,14,762,1,1.0,-0.25
762,14,763,3,1.0,0.822021484375
763,14,764,1,2.0,0.8998870849609375
764,14,765,2,1.0,0.822021484375
765,14,766,2,1.0,0.86651611328125
766,14,767,3,1.0,0.86651611328125
767,14,768,2,2.0,-0.4375
768,14,769,1,2.0,0.9249153137207031
769,14,770,3,1.0,0.8998870849609375
770,14,771,3,1.0,0.9249153137207031
771,14,772,2,1.0,0.8998870849609375
772,14,773,3,1.0,0.9436864852905273
773,14,774,1,2.0,0.9436864852905273
774,14,776,1,2.0,0.9577648639678955
775,14,777,1,2.0,0.9683236479759216
776,14,778,3,1.0,0.9577648639678955
777,14,779,2,1.0,0.9249153137207031
